id,username,email,created_at
1,cobaltanchor06,cobaltanchor06@acme.dev,2024-01-02 17:05:09
2,goldriver37,goldriver37@opswise.net,2025-06-17 14:13:45
3,tidykernel81,tidykernel81@acme.dev,2025-06-02 20:55:46
4,jadeengine01,jadeengine01@acme.dev,2024-01-15 05:48:30
5,urbanvalley90,urbanvalley90@seeded.app,2025-02-15 08:23:46
6,warmmeadow25,warmmeadow25@acme.dev,2024-02-19 23:29:39
7,foresttrail17,foresttrail17@seeded.app,2024-12-17 05:36:25
8,rapiduplink92,rapiduplink92@seeded.app,2025-04-29 21:49:01
9,younggarden06,younggarden06@relay.cloud,2024-11-12 12:21:25
10,ivoryzenith28,ivoryzenith28@example.com,2025-02-24 18:05:09
11,briskmeadow56,briskmeadow56@example.com,2025-05-10 16:50:20
12,cobaltbeacon61,cobaltbeacon61@example.com,2025-08-05 07:33:05
13,cobaltwindow33,cobaltwindow33@acme.dev,2025-03-01 10:25:39
14,tidybeacon19,tidybeacon19@example.com,2024-12-10 00:19:35
15,proudzenith90,proudzenith90@opswise.net,2025-12-24 01:21:31
16,clearriver87,clearriver87@acme.dev,2025-05-05 12:25:06
17,rapidcanyon86,rapidcanyon86@seeded.app,2025-05-24 09:19:34
18,briskriver69,briskriver69@hackstack.io,2024-07-06 06:49:22
19,quietriver78,quietriver78@acme.dev,2025-09-02 06:12:14
20,livelytrail35,livelytrail35@seeded.app,2024-10-17 18:28:51
21,amberwindow46,amberwindow46@acme.dev,2024-05-29 12:27:40
22,goldanchor65,goldanchor65@relay.cloud,2024-11-18 17:50:22
23,cobaltjourney80,cobaltjourney80@acme.dev,2026-01-25 08:52:08
24,youngvalley15,youngvalley15@opswise.net,2024-10-14 13:31:48
25,youngvalley85,youngvalley85@hackstack.io,2024-01-31 01:47:23
26,tidynetwork58,tidynetwork58@example.com,2025-01-27 02:22:29
27,warmsignal59,warmsignal59@opswise.net,2025-03-13 18:32:04
28,quietwindow88,quietwindow88@opswise.net,2025-04-29 08:10:01
29,navykernel41,navykernel41@seeded.app,2024-04-03 05:36:02
30,jadeisland87,jadeisland87@opswise.net,2024-12-05 15:29:32
31,rapidyard36,rapidyard36@opswise.net,2025-10-30 09:27:26
32,tidygarden18,tidygarden18@opswise.net,2024-02-18 20:46:14
33,emberjourney69,emberjourney69@relay.cloud,2024-07-24 06:35:19
34,tidyquartz52,tidyquartz52@relay.cloud,2024-02-26 09:03:30
35,emberisland84,emberisland84@example.com,2026-01-01 10:41:38
36,embersignal41,embersignal41@seeded.app,2024-05-02 00:23:27
37,briskzenith55,briskzenith55@example.com,2025-12-02 04:18:59
38,harbordelta47,harbordelta47@acme.dev,2024-08-31 23:30:35
39,urbanuplink37,urbanuplink37@hackstack.io,2024-11-22 02:25:12
40,calmfield32,calmfield32@opswise.net,2025-06-05 23:43:46
41,cobaltyard42,cobaltyard42@relay.cloud,2025-12-06 08:30:28
42,ambersignal29,ambersignal29@opswise.net,2025-02-09 21:21:57
43,rapidsignal65,rapidsignal65@relay.cloud,2025-03-08 03:17:30
44,cobaltengine51,cobaltengine51@acme.dev,2025-03-23 22:29:39
45,warmzenith07,warmzenith07@hackstack.io,2024-12-12 02:16:32
46,amberfield95,amberfield95@opswise.net,2024-12-16 07:52:55
47,keenquartz13,keenquartz13@opswise.net,2025-02-08 22:06:37
48,calmmeadow98,calmmeadow98@opswise.net,2025-11-17 06:55:14
49,calmengine73,calmengine73@acme.dev,2024-04-29 10:40:05
50,quietorbit99,quietorbit99@seeded.app,2025-07-07 02:42:49
51,silvercanyon03,silvercanyon03@seeded.app,2025-05-12 17:40:51
52,harborisland42,harborisland42@seeded.app,2024-04-17 15:55:38
53,tidydelta59,tidydelta59@hackstack.io,2024-06-07 09:22:54
54,mellowgarden88,mellowgarden88@hackstack.io,2025-10-10 13:05:44
55,jadenetwork56,jadenetwork56@relay.cloud,2025-05-18 05:04:01
56,jadewindow52,jadewindow52@acme.dev,2024-02-05 10:37:01
57,opalyard86,opalyard86@seeded.app,2024-12-18 09:30:44
58,livelymeadow82,livelymeadow82@hackstack.io,2024-05-23 01:04:48
59,urbanvalley88,urbanvalley88@example.com,2025-07-28 07:11:07
60,harborgarden19,harborgarden19@opswise.net,2024-08-24 01:36:13
61,warmengine64,warmengine64@hackstack.io,2025-06-16 10:30:41
62,urbanyard19,urbanyard19@acme.dev,2025-02-22 00:25:32
63,mellowtrail90,mellowtrail90@seeded.app,2024-11-30 20:01:08
64,youngzenith34,youngzenith34@acme.dev,2026-01-28 05:21:21
65,clearyard64,clearyard64@relay.cloud,2025-05-04 01:51:06
66,rapidquartz77,rapidquartz77@acme.dev,2025-03-16 05:30:57
67,younggarden72,younggarden72@example.com,2024-06-16 22:43:39
68,warmanchor55,warmanchor55@example.com,2025-04-19 08:35:18
69,navyisland12,navyisland12@opswise.net,2024-08-14 05:30:38
70,youngcanyon01,youngcanyon01@hackstack.io,2024-08-29 21:57:44
71,tidygarden46,tidygarden46@relay.cloud,2024-11-28 23:22:21
72,proudquartz81,proudquartz81@relay.cloud,2024-12-12 17:48:08
73,youngjourney37,youngjourney37@acme.dev,2025-08-28 15:20:06
74,navyzenith78,navyzenith78@hackstack.io,2024-08-23 00:04:00
75,dawnmeadow81,dawnmeadow81@example.com,2025-08-02 14:31:05
76,mellowlagoon77,mellowlagoon77@relay.cloud,2024-08-23 02:56:18
77,silvernetwork35,silvernetwork35@acme.dev,2024-07-28 21:25:08
78,opalanchor06,opalanchor06@relay.cloud,2025-08-07 02:12:33
79,cobaltanchor70,cobaltanchor70@acme.dev,2024-05-13 07:58:57
80,goldwindow68,goldwindow68@seeded.app,2025-01-11 11:17:50
81,clearmeadow10,clearmeadow10@seeded.app,2024-02-07 08:54:58
82,proudpioneer76,proudpioneer76@relay.cloud,2025-03-30 11:46:09
83,forestpioneer52,forestpioneer52@acme.dev,2024-04-24 12:08:52
84,rapidzenith15,rapidzenith15@seeded.app,2025-04-14 05:32:39
85,proudorbit86,proudorbit86@relay.cloud,2024-11-26 02:02:01
86,warmuplink93,warmuplink93@relay.cloud,2025-07-09 06:12:05
87,youngriver20,youngriver20@relay.cloud,2024-05-08 23:32:44
88,keengarden10,keengarden10@opswise.net,2025-12-01 02:37:40
89,vividnetwork21,vividnetwork21@opswise.net,2024-06-27 17:04:47
90,opalisland03,opalisland03@seeded.app,2025-04-11 01:06:51
91,mellowdelta00,mellowdelta00@acme.dev,2024-10-16 00:13:09
92,vividdelta62,vividdelta62@example.com,2024-10-15 19:10:35
93,urbanwindow54,urbanwindow54@opswise.net,2024-02-08 13:16:02
94,opalorbit38,opalorbit38@acme.dev,2024-10-07 19:52:17
95,silverkernel83,silverkernel83@hackstack.io,2025-04-03 21:36:29
96,navyfield06,navyfield06@hackstack.io,2024-05-18 15:39:57
97,goldkernel79,goldkernel79@seeded.app,2025-09-03 07:04:55
98,warmsignal99,warmsignal99@opswise.net,2026-01-21 07:07:28
99,ambergarden88,ambergarden88@relay.cloud,2024-12-08 07:27:34
100,mellowsignal03,mellowsignal03@hackstack.io,2024-04-08 15:58:34
101,keennetwork70,keennetwork70@relay.cloud,2024-10-24 21:39:47
102,goldgarden81,goldgarden81@example.com,2024-07-20 14:39:39
103,silverharvest75,silverharvest75@opswise.net,2024-06-11 13:21:12
104,calmquartz06,calmquartz06@hackstack.io,2024-05-30 18:25:43
105,briskengine76,briskengine76@opswise.net,2025-07-24 05:21:18
106,silverriver11,silverriver11@acme.dev,2025-09-02 23:39:59
107,ivoryisland59,ivoryisland59@seeded.app,2025-07-24 01:24:21
108,livelyfield72,livelyfield72@hackstack.io,2025-07-14 00:11:28
109,jadeharvest97,jadeharvest97@relay.cloud,2024-02-26 09:37:55
110,keenharvest72,keenharvest72@relay.cloud,2024-08-24 15:04:13
111,jadebeacon45,jadebeacon45@example.com,2024-11-25 02:45:43
112,mellownetwork50,mellownetwork50@hackstack.io,2026-01-04 14:12:53
113,briskkernel92,briskkernel92@seeded.app,2025-02-12 17:39:58
114,rapidtrail07,rapidtrail07@acme.dev,2025-03-26 08:27:46
115,urbannetwork70,urbannetwork70@seeded.app,2026-01-10 23:05:28
116,proudmeadow10,proudmeadow10@seeded.app,2025-11-28 22:41:24
117,silvercanyon27,silvercanyon27@example.com,2025-03-12 11:54:03
118,silvervalley73,silvervalley73@example.com,2025-01-31 21:19:42
119,rapidzenith57,rapidzenith57@opswise.net,2024-01-11 21:15:12
120,cobaltcanyon45,cobaltcanyon45@acme.dev,2026-01-04 05:56:55
121,urbanjourney32,urbanjourney32@example.com,2025-06-29 04:36:02
122,urbancanyon49,urbancanyon49@acme.dev,2024-09-24 09:37:52
123,tidyuplink41,tidyuplink41@hackstack.io,2024-10-23 02:26:23
124,opalnetwork44,opalnetwork44@relay.cloud,2024-08-26 17:56:33
125,quietlagoon51,quietlagoon51@seeded.app,2024-07-19 08:37:18
126,navyzenith01,navyzenith01@opswise.net,2025-10-18 19:54:50
127,silverfield59,silverfield59@acme.dev,2025-06-06 12:17:52
128,briskpioneer73,briskpioneer73@relay.cloud,2024-02-15 06:47:12
129,cobaltwindow54,cobaltwindow54@hackstack.io,2025-01-02 13:33:45
130,tidynetwork64,tidynetwork64@opswise.net,2025-12-21 02:29:56
131,opalharvest10,opalharvest10@relay.cloud,2025-03-25 10:18:43
132,amberyard77,amberyard77@relay.cloud,2024-06-13 05:36:00
133,briskzenith01,briskzenith01@hackstack.io,2025-10-29 07:35:24
134,warmdelta52,warmdelta52@acme.dev,2025-02-12 23:32:41
135,briskzenith69,briskzenith69@hackstack.io,2025-02-24 00:45:27
136,rapidgarden48,rapidgarden48@acme.dev,2025-08-25 02:49:25
137,warmbeacon54,warmbeacon54@example.com,2024-10-04 06:32:52
138,silverjourney27,silverjourney27@acme.dev,2024-09-11 09:40:16
139,briskfield43,briskfield43@example.com,2024-02-04 22:47:34
140,forestyard16,forestyard16@example.com,2025-02-27 11:40:14
141,warmvalley94,warmvalley94@hackstack.io,2025-07-16 10:35:40
142,silverwindow05,silverwindow05@relay.cloud,2026-01-28 22:24:27
143,proudtrail05,proudtrail05@relay.cloud,2025-05-28 10:35:51
144,mellowriver77,mellowriver77@hackstack.io,2024-08-07 19:44:22
145,livelyharvest18,livelyharvest18@hackstack.io,2024-04-28 17:30:16
146,clearpioneer82,clearpioneer82@seeded.app,2024-12-04 10:24:29
147,tidyorbit78,tidyorbit78@acme.dev,2026-01-03 15:09:47
148,harborvalley69,harborvalley69@opswise.net,2024-07-25 19:27:56
149,navyorbit20,navyorbit20@acme.dev,2024-07-12 19:15:49
150,warmtrail66,warmtrail66@seeded.app,2024-05-29 02:22:11
151,proudengine90,proudengine90@seeded.app,2025-11-03 03:29:47
152,urbandelta10,urbandelta10@acme.dev,2024-12-17 08:06:41
153,amberdelta62,amberdelta62@hackstack.io,2024-06-22 14:45:45
154,vividlagoon67,vividlagoon67@opswise.net,2025-12-14 22:46:29
155,ivorybeacon18,ivorybeacon18@opswise.net,2024-03-04 02:29:21
156,ivoryzenith28,ivoryzenith28@acme.dev,2025-06-05 21:51:41
157,silverlagoon16,silverlagoon16@example.com,2025-11-13 05:58:03
158,rapidjourney28,rapidjourney28@example.com,2025-10-28 18:37:41
159,quietquartz42,quietquartz42@example.com,2025-01-27 04:16:32
160,jadeorbit16,jadeorbit16@seeded.app,2025-04-01 13:15:28
161,vividorbit31,vividorbit31@opswise.net,2025-09-20 01:36:38
162,clearyard36,clearyard36@example.com,2024-06-07 10:25:10
163,briskmeadow54,briskmeadow54@opswise.net,2024-03-07 17:06:48
164,calmpioneer39,calmpioneer39@hackstack.io,2025-09-03 14:09:04
165,mellowriver20,mellowriver20@example.com,2025-11-11 05:58:00
166,warmbeacon96,warmbeacon96@hackstack.io,2025-12-30 21:47:54
167,navyvalley90,navyvalley90@seeded.app,2024-03-11 21:49:52
168,amberdelta14,amberdelta14@seeded.app,2024-11-08 14:42:27
169,quietvalley25,quietvalley25@seeded.app,2025-10-06 18:51:36
170,navynetwork84,navynetwork84@seeded.app,2024-06-20 09:31:45
171,quietyard06,quietyard06@hackstack.io,2025-07-29 00:36:25
172,silvernetwork67,silvernetwork67@seeded.app,2024-11-29 03:37:52
173,briskorbit18,briskorbit18@acme.dev,2024-11-15 18:19:41
174,forestlagoon57,forestlagoon57@hackstack.io,2024-03-30 22:54:53
175,goldnetwork41,goldnetwork41@opswise.net,2025-03-31 02:39:00
176,cobaltjourney99,cobaltjourney99@hackstack.io,2024-07-03 22:13:11
177,mellowmeadow33,mellowmeadow33@relay.cloud,2025-02-09 09:20:50
178,golddelta44,golddelta44@example.com,2025-10-13 07:17:41
179,emberriver56,emberriver56@relay.cloud,2024-04-15 04:05:25
180,calmzenith69,calmzenith69@relay.cloud,2024-05-09 11:36:20
181,navygarden19,navygarden19@opswise.net,2025-06-28 21:17:34
182,dawngarden89,dawngarden89@hackstack.io,2025-05-15 05:25:54
183,mellowzenith72,mellowzenith72@acme.dev,2025-11-07 13:10:41
184,harborengine74,harborengine74@example.com,2024-02-18 09:50:58
185,tidynetwork84,tidynetwork84@relay.cloud,2024-09-27 03:22:32
186,silverquartz77,silverquartz77@opswise.net,2024-05-23 01:43:05
187,urbanuplink94,urbanuplink94@relay.cloud,2024-12-01 08:35:52
188,quietriver10,quietriver10@acme.dev,2025-06-10 02:52:07
189,navyharvest69,navyharvest69@example.com,2024-09-10 15:02:04
190,ivoryuplink23,ivoryuplink23@example.com,2024-12-12 02:01:07
191,urbanengine24,urbanengine24@acme.dev,2026-01-12 03:18:16
192,harborjourney96,harborjourney96@opswise.net,2025-02-03 02:34:32
193,tidykernel99,tidykernel99@hackstack.io,2024-04-08 02:37:31
194,livelyharvest69,livelyharvest69@acme.dev,2024-07-27 20:03:28
195,amberlagoon94,amberlagoon94@seeded.app,2025-07-15 17:14:08
196,mellowanchor82,mellowanchor82@acme.dev,2024-02-26 20:41:33
197,melloworbit67,melloworbit67@relay.cloud,2024-03-24 08:23:59
198,vividgarden01,vividgarden01@hackstack.io,2025-01-27 07:52:18
199,embercanyon98,embercanyon98@opswise.net,2025-07-19 20:42:06
200,harborzenith89,harborzenith89@acme.dev,2025-06-04 11:40:20
201,mellowlagoon67,mellowlagoon67@relay.cloud,2025-06-15 16:12:48
202,calmengine01,calmengine01@hackstack.io,2024-09-10 22:31:18
203,calmmeadow51,calmmeadow51@opswise.net,2025-05-03 04:30:35
204,goldcanyon71,goldcanyon71@acme.dev,2025-04-06 22:45:28
205,dawnlagoon01,dawnlagoon01@opswise.net,2025-05-13 16:56:26
206,goldfield77,goldfield77@acme.dev,2025-12-04 19:43:49
207,ivorylagoon81,ivorylagoon81@example.com,2025-12-25 05:51:50
208,ivoryisland97,ivoryisland97@relay.cloud,2024-03-29 16:23:57
209,amberquartz01,amberquartz01@acme.dev,2024-09-26 23:57:53
210,dawndelta65,dawndelta65@acme.dev,2025-04-04 08:10:49
211,younganchor65,younganchor65@hackstack.io,2024-09-29 18:35:18
212,ivoryyard48,ivoryyard48@seeded.app,2025-12-06 06:24:26
213,warmsignal82,warmsignal82@seeded.app,2025-09-25 21:34:14
214,ivoryriver75,ivoryriver75@seeded.app,2024-02-24 01:05:38
215,youngpioneer81,youngpioneer81@relay.cloud,2024-01-16 16:40:47
216,clearwindow15,clearwindow15@relay.cloud,2025-05-14 15:00:42
217,rapidengine64,rapidengine64@opswise.net,2025-05-12 20:05:53
218,mellowzenith35,mellowzenith35@example.com,2025-01-19 08:25:56
219,urbananchor19,urbananchor19@seeded.app,2025-06-22 12:45:44
220,urbannetwork99,urbannetwork99@acme.dev,2025-05-02 01:59:14
221,harboryard69,harboryard69@example.com,2024-05-25 22:18:10
222,livelymeadow75,livelymeadow75@relay.cloud,2025-07-23 15:28:32
223,cleartrail09,cleartrail09@acme.dev,2025-12-11 04:54:12
224,calmquartz20,calmquartz20@example.com,2025-03-27 23:11:28
225,tidyriver22,tidyriver22@seeded.app,2025-12-23 11:31:33
226,proudengine12,proudengine12@hackstack.io,2025-08-12 22:58:59
227,harborharvest24,harborharvest24@acme.dev,2024-01-17 22:04:36
228,warmpioneer66,warmpioneer66@relay.cloud,2025-01-04 18:06:41
229,keenisland69,keenisland69@seeded.app,2024-07-25 12:52:59
230,quietdelta12,quietdelta12@opswise.net,2025-11-28 07:28:22
231,forestmeadow73,forestmeadow73@opswise.net,2026-01-27 13:42:42
232,tidytrail09,tidytrail09@acme.dev,2024-02-02 22:02:22
233,opalvalley55,opalvalley55@relay.cloud,2026-01-22 18:05:01
234,ambervalley15,ambervalley15@hackstack.io,2025-12-25 04:17:13
235,urbanpioneer17,urbanpioneer17@relay.cloud,2024-03-22 18:11:10
236,vividnetwork15,vividnetwork15@acme.dev,2025-03-04 12:15:41
237,mellowyard60,mellowyard60@hackstack.io,2025-07-27 19:09:25
238,ivorybeacon50,ivorybeacon50@example.com,2024-07-21 00:23:11
239,youngquartz02,youngquartz02@opswise.net,2025-02-04 18:58:29
240,mellowanchor54,mellowanchor54@opswise.net,2025-05-21 14:09:25
241,rapidzenith76,rapidzenith76@acme.dev,2025-08-02 08:53:51
242,cobaltvalley44,cobaltvalley44@hackstack.io,2025-02-10 21:29:58
243,ambervalley19,ambervalley19@seeded.app,2024-04-16 22:21:45
244,urbankernel36,urbankernel36@acme.dev,2024-11-27 04:31:05
245,goldpioneer14,goldpioneer14@relay.cloud,2025-01-01 22:31:09
246,proudvalley88,proudvalley88@acme.dev,2026-01-14 08:08:44
247,dawnkernel94,dawnkernel94@hackstack.io,2024-12-16 04:06:06
248,keenorbit38,keenorbit38@acme.dev,2025-09-25 12:36:16
249,jadecanyon27,jadecanyon27@opswise.net,2024-08-08 04:52:23
250,navyanchor74,navyanchor74@relay.cloud,2026-01-27 14:03:51
251,ambernetwork04,ambernetwork04@seeded.app,2024-11-22 03:27:42
252,youngisland10,youngisland10@example.com,2025-07-19 01:19:17
253,tidywindow72,tidywindow72@opswise.net,2024-08-24 07:29:15
254,harborjourney90,harborjourney90@seeded.app,2024-09-29 04:27:48
255,warmlagoon37,warmlagoon37@acme.dev,2025-12-14 14:29:45
256,vividsignal75,vividsignal75@acme.dev,2024-02-26 06:59:39
257,amberuplink99,amberuplink99@relay.cloud,2025-12-25 22:38:23
258,harborfield22,harborfield22@acme.dev,2025-06-29 20:01:32
259,youngdelta05,youngdelta05@relay.cloud,2025-04-18 13:32:48
260,emberorbit13,emberorbit13@acme.dev,2024-09-12 07:25:00
261,vividanchor42,vividanchor42@relay.cloud,2025-07-05 18:47:46
262,silverengine57,silverengine57@acme.dev,2025-01-31 22:03:06
263,opalvalley60,opalvalley60@relay.cloud,2025-05-31 23:49:04
264,prouduplink54,prouduplink54@opswise.net,2025-01-08 14:19:40
265,vividmeadow84,vividmeadow84@acme.dev,2025-11-07 09:49:12
266,ivoryorbit52,ivoryorbit52@acme.dev,2025-04-29 01:57:25
267,dawnorbit58,dawnorbit58@acme.dev,2024-09-13 06:19:24
268,livelyquartz14,livelyquartz14@seeded.app,2025-12-11 09:08:36
269,tidyvalley03,tidyvalley03@example.com,2024-05-24 19:58:27
270,silversignal63,silversignal63@hackstack.io,2024-12-12 04:39:12
271,silvergarden44,silvergarden44@hackstack.io,2025-12-04 12:30:27
272,forestzenith92,forestzenith92@acme.dev,2025-01-02 05:04:31
273,warmnetwork84,warmnetwork84@opswise.net,2025-12-08 02:28:22
274,amberisland09,amberisland09@hackstack.io,2025-04-02 13:12:28
275,briskengine56,briskengine56@seeded.app,2024-01-11 23:56:22
276,harborriver53,harborriver53@relay.cloud,2025-05-26 03:51:33
277,briskzenith96,briskzenith96@hackstack.io,2025-03-28 02:54:47
278,rapiddelta40,rapiddelta40@seeded.app,2025-07-04 03:45:06
279,proudkernel14,proudkernel14@acme.dev,2024-12-15 08:30:24
280,quietsignal57,quietsignal57@opswise.net,2024-12-03 10:08:07
281,vividwindow61,vividwindow61@acme.dev,2024-07-09 23:26:57
282,emberuplink12,emberuplink12@acme.dev,2025-11-09 23:35:39
283,silverkernel50,silverkernel50@seeded.app,2024-02-07 09:48:15
284,youngcanyon98,youngcanyon98@relay.cloud,2024-12-14 01:56:14
285,cobaltquartz53,cobaltquartz53@seeded.app,2025-06-06 21:13:27
286,harborkernel71,harborkernel71@hackstack.io,2024-08-24 17:12:07
287,urbandelta03,urbandelta03@acme.dev,2025-07-31 12:26:12
288,vividtrail06,vividtrail06@opswise.net,2025-10-19 06:58:53
289,navyanchor84,navyanchor84@seeded.app,2026-01-25 00:34:13
290,amberorbit70,amberorbit70@seeded.app,2025-11-12 04:28:23
291,silvernetwork59,silvernetwork59@example.com,2025-04-08 11:32:35
292,navyisland14,navyisland14@example.com,2024-10-28 03:36:26
293,urbanvalley77,urbanvalley77@acme.dev,2024-09-04 22:37:59
294,calmcanyon14,calmcanyon14@seeded.app,2024-07-10 23:05:24
295,keenwindow56,keenwindow56@example.com,2025-08-06 14:39:54
296,quietcanyon87,quietcanyon87@acme.dev,2025-12-09 10:20:43
297,urbanvalley00,urbanvalley00@relay.cloud,2025-03-26 06:52:05
298,livelysignal00,livelysignal00@example.com,2024-11-28 23:37:56
299,amberharvest72,amberharvest72@opswise.net,2025-02-24 15:33:07
300,dawnnetwork92,dawnnetwork92@hackstack.io,2025-04-24 11:00:49
301,urbanquartz16,urbanquartz16@opswise.net,2025-02-16 19:01:24
302,forestanchor55,forestanchor55@hackstack.io,2025-02-09 05:25:36
303,jadesignal43,jadesignal43@example.com,2024-05-07 05:51:24
304,tidyfield76,tidyfield76@opswise.net,2024-06-18 11:47:38
305,youngsignal94,youngsignal94@hackstack.io,2025-11-14 21:17:20
306,goldtrail07,goldtrail07@acme.dev,2024-03-22 09:12:22
307,clearisland65,clearisland65@seeded.app,2024-08-01 12:02:42
308,amberfield41,amberfield41@example.com,2025-06-10 22:24:16
309,navyanchor48,navyanchor48@seeded.app,2024-11-09 21:11:01
310,dawnbeacon06,dawnbeacon06@opswise.net,2025-07-02 01:56:02
311,rapidsignal77,rapidsignal77@relay.cloud,2025-08-05 10:04:23
312,jadetrail09,jadetrail09@seeded.app,2025-04-27 07:25:25
313,proudorbit80,proudorbit80@hackstack.io,2024-03-02 13:05:08
314,cobaltharvest92,cobaltharvest92@relay.cloud,2024-10-29 02:58:14
315,mellowzenith20,mellowzenith20@example.com,2025-03-16 13:14:43
316,clearuplink77,clearuplink77@relay.cloud,2025-06-18 11:06:13
317,goldorbit06,goldorbit06@opswise.net,2024-08-20 07:37:45
318,clearlagoon68,clearlagoon68@relay.cloud,2025-12-02 11:31:25
319,opalkernel73,opalkernel73@seeded.app,2024-10-12 08:55:08
320,ivoryriver12,ivoryriver12@acme.dev,2025-11-29 11:39:21
321,clearkernel41,clearkernel41@example.com,2025-10-19 13:36:19
322,harborzenith46,harborzenith46@relay.cloud,2024-09-07 18:22:50
323,ivoryorbit62,ivoryorbit62@example.com,2025-07-01 03:39:30
324,urbanvalley82,urbanvalley82@example.com,2025-03-24 09:13:12
325,quietlagoon65,quietlagoon65@acme.dev,2024-10-22 21:04:03
326,prouduplink92,prouduplink92@relay.cloud,2024-10-16 01:24:13
327,cobaltharvest72,cobaltharvest72@hackstack.io,2026-01-23 17:09:41
328,quietquartz32,quietquartz32@seeded.app,2025-05-01 19:32:29
329,mellowisland86,mellowisland86@example.com,2024-10-23 02:20:51
330,warmdelta01,warmdelta01@hackstack.io,2026-01-18 11:55:36
331,youngdelta05,youngdelta05@relay.cloud,2024-10-07 13:49:03
332,ivoryjourney70,ivoryjourney70@opswise.net,2025-05-01 19:23:32
333,keengarden20,keengarden20@example.com,2024-04-20 07:18:00
334,urbannetwork19,urbannetwork19@seeded.app,2024-12-17 18:37:23
335,keenquartz51,keenquartz51@acme.dev,2024-07-26 16:36:44
336,dawnlagoon39,dawnlagoon39@example.com,2025-08-04 12:34:58
337,rapidkernel13,rapidkernel13@opswise.net,2025-11-11 16:39:53
338,opalriver24,opalriver24@relay.cloud,2024-09-20 07:15:17
339,navykernel16,navykernel16@hackstack.io,2024-06-24 00:54:59
340,amberbeacon45,amberbeacon45@hackstack.io,2024-04-14 04:25:09
341,emberbeacon12,emberbeacon12@relay.cloud,2026-01-11 01:37:14
342,embermeadow99,embermeadow99@relay.cloud,2025-05-06 07:12:56
343,urbanorbit59,urbanorbit59@opswise.net,2025-12-13 11:37:46
344,tidymeadow10,tidymeadow10@seeded.app,2024-11-03 06:36:20
345,clearfield20,clearfield20@example.com,2025-12-21 06:53:41
346,tidyisland00,tidyisland00@example.com,2025-03-06 12:30:09
347,navytrail83,navytrail83@hackstack.io,2024-03-24 08:41:51
348,forestkernel01,forestkernel01@example.com,2025-04-07 01:02:03
349,emberanchor98,emberanchor98@acme.dev,2025-05-13 19:15:55
350,clearlagoon11,clearlagoon11@acme.dev,2025-09-26 22:30:10
351,rapidgarden13,rapidgarden13@hackstack.io,2025-09-14 19:24:49
352,harborcanyon26,harborcanyon26@acme.dev,2024-11-17 00:49:53
353,amberriver86,amberriver86@seeded.app,2024-08-24 05:14:19
354,harborquartz65,harborquartz65@seeded.app,2025-05-09 02:46:57
355,goldharvest93,goldharvest93@acme.dev,2024-04-21 03:36:39
356,vividisland96,vividisland96@opswise.net,2025-06-06 08:59:54
357,keennetwork29,keennetwork29@acme.dev,2024-07-07 04:41:38
358,proudengine59,proudengine59@relay.cloud,2024-01-19 13:08:28
359,rapidcanyon86,rapidcanyon86@example.com,2024-05-04 20:57:47
360,prouduplink76,prouduplink76@seeded.app,2025-07-28 18:18:36
361,keenuplink00,keenuplink00@example.com,2024-05-22 10:14:45
362,cobaltbeacon81,cobaltbeacon81@hackstack.io,2024-03-21 18:55:44
363,silvergarden92,silvergarden92@acme.dev,2024-10-12 18:39:05
364,calmvalley92,calmvalley92@opswise.net,2024-10-27 01:45:52
365,calmjourney94,calmjourney94@hackstack.io,2024-11-11 17:34:27
366,livelyharvest47,livelyharvest47@relay.cloud,2026-01-08 15:17:57
367,tidylagoon92,tidylagoon92@hackstack.io,2024-07-30 22:14:22
368,mellowriver46,mellowriver46@acme.dev,2024-09-22 15:17:52
369,clearanchor94,clearanchor94@acme.dev,2024-04-26 19:28:36
370,calmvalley72,calmvalley72@opswise.net,2026-01-04 10:46:20
371,warmorbit10,warmorbit10@acme.dev,2024-05-16 18:13:20
372,urbanbeacon09,urbanbeacon09@acme.dev,2025-06-09 08:56:36
373,youngnetwork53,youngnetwork53@acme.dev,2024-05-08 20:53:01
374,tidygarden24,tidygarden24@opswise.net,2024-01-07 20:01:50
375,clearwindow06,clearwindow06@acme.dev,2024-04-05 16:12:26
376,quietharvest44,quietharvest44@relay.cloud,2025-08-12 16:11:21
377,urbanengine11,urbanengine11@relay.cloud,2025-11-07 08:40:30
378,amberwindow86,amberwindow86@example.com,2024-11-10 12:53:31
379,keenharvest58,keenharvest58@seeded.app,2024-08-14 20:23:31
380,emberengine34,emberengine34@opswise.net,2025-10-23 11:21:54
381,clearkernel00,clearkernel00@example.com,2024-01-26 01:41:12
382,ivoryjourney91,ivoryjourney91@example.com,2024-04-04 06:06:41
383,youngvalley70,youngvalley70@example.com,2024-01-10 11:27:32
384,proudengine72,proudengine72@hackstack.io,2025-01-12 01:46:42
385,briskfield51,briskfield51@relay.cloud,2025-12-28 16:09:35
386,urbanuplink38,urbanuplink38@example.com,2025-01-24 03:27:22
387,harborkernel50,harborkernel50@acme.dev,2026-01-15 07:56:48
388,briskvalley99,briskvalley99@hackstack.io,2025-04-23 18:49:01
389,proudisland38,proudisland38@opswise.net,2025-02-17 21:16:34
390,vividpioneer35,vividpioneer35@hackstack.io,2024-03-19 23:29:50
391,forestuplink25,forestuplink25@hackstack.io,2024-08-24 14:59:44
392,amberquartz36,amberquartz36@hackstack.io,2024-08-17 20:53:22
393,forestbeacon98,forestbeacon98@opswise.net,2025-07-25 05:13:51
394,cobaltgarden19,cobaltgarden19@hackstack.io,2024-07-16 14:04:30
395,keenyard40,keenyard40@relay.cloud,2024-01-01 16:03:10
396,warmcanyon52,warmcanyon52@relay.cloud,2025-02-17 08:51:31
397,cobaltmeadow91,cobaltmeadow91@opswise.net,2024-05-10 00:53:04
398,goldengine20,goldengine20@opswise.net,2024-03-09 21:50:16
399,jademeadow70,jademeadow70@seeded.app,2024-05-27 03:25:25
400,livelyengine84,livelyengine84@relay.cloud,2024-09-01 14:38:32
